"ca_score","vid_count","subreddit"
1.06636446441813,182,"X2aliberals"
0.698826562197374,92,"X911truth"
-0.597041905295874,582,"aboringdystopia"
0.0284803673433922,12,"abuseinterrupted"
-0.104370474536889,39,"activemeasures"
0.484746773294721,103,"actualconspiracies"
0.396245988917144,32,"actualliberalgunowner"
0.928155575474036,50,"adrenochrome"
-0.130542960422328,76,"againsthatesubreddits"
0.434437464509502,46,"againstmensrights"
0.329741019836556,44,"agorism"
-1.25003386792761,36,"alexandriaocasio"
-1.07133800774445,616,"alltheleft"
-0.720047873752342,15,"alternatehistoryhub"
1.48538666213556,17,"alternative_right"
0.986405987594065,189,"altright"
1.36830290888686,154,"altunitedkingdom"
-0.851709278844357,218,"americanfascism2020"
0.714642617790339,2122,"americanpolitics"
0.012392886323534,413,"amifreetogo"
-0.667233452134573,2092,"anarchism"
-0.987583024867433,15,"anarchistrc"
0.518331996510119,2231,"anarcho_capitalism"
0.363022326818329,10,"ancap_investing"
-1.18069959574899,67,"angrysocialist"
0.16104808599413,53,"animals"
-0.239615899284164,55,"anormaldayinamerica"
1.33477895328618,16,"anti_feminism"
-0.126154132958398,7,"anticommiecringe"
0.833809797095754,96,"antifa"
-0.829511901221542,766,"antifascistsofreddit"
1.15212672809586,14,"antifeminismau"
0.946217957961366,168,"antifeminists"
0.256396475210696,14,"antiques"
-0.437991613313502,436,"antitrumpalliance"
-0.556272512132876,200,"antiwar"
-0.918964470147567,402,"antiwork"
0.200134972446873,72,"anybodybuthillary"
0.739102926086968,2487,"anythinggoesnews"
-1.36060303240576,742,"aoc"
-1.0822492336158,6,"aprogressiveparty"
-1.13143756562431,7,"arizonaleft"
0.76906749534535,10,"asianamericanpolitics"
-1.61359972727824,85,"asiansocialists"
0.270544046475543,6,"askaliberal"
1.17263368607681,411,"askthe_donald"
0.468566464638149,10,"asktrufemcels"
0.480978689001421,164,"austrian_economics"
-0.155586942970325,312,"aznidentity"
-0.228470743870701,8,"bad_cop_follow_up"
-0.252578817895966,1517,"bad_cop_no_donut"
0.0763840286185776,25,"badeconomics"
-1.5781157240346,23,"badempanada"
0.469489939392221,7,"badpolitics"
-0.150300212324194,245,"bannedfromthe_donald"
-0.815838791980631,307,"basicincome"
-1.5274716655227,945,"beardtube"
-1.31781479851002,118,"beauofthefifthcolumn"
0.832211545225384,997,"benshapiro"
0.604715117140991,90,"benshapiroshow"
-1.29066804114028,145,"bernie"
-0.585178140432295,42,"bernie_sanders"
-1.64941708180694,1427,"bernieblindness"
-1.38983922865753,118,"berniefor2020"
-1.37226637535332,1170,"berniesanders"
-0.527733257339707,24,"berniesanderssucks"
-0.704153625450588,28,"beto2020"
0.787431023863429,17,"bibleconspiracy"
-0.137743435007418,110,"bidenbro"
-1.43024072510201,108,"birdiesanders2020"
1.10538893096707,112,"blexit"
-0.36886733543256,113,"bluemidterm2018"
1.36260687928764,7,"bradsubmissions"
0.646521250518602,243,"braincels"
-1.42278523136145,12,"brandnewcongress"
-1.14173549313635,7146,"breadtube"
1.3582335079666,6,"breakingbanned"
-0.965609865880427,9,"britishsocialism"
-0.551614334475005,15,"bropill"
0.011606874941083,253,"business"
0.882401425235116,10,"cabaltakedown"
-0.558781373456817,73,"california_politics"
-1.10660445817843,45,"californiaforsanders"
1.27156284889585,100,"canada_first"
0.0044818002919105,15,"cancelculture"
0.867472809966599,41,"candaceowens"
0.648217801965034,60,"capetown"
0.181641068226937,483,"capitalism"
-1.1661101112962,333,"capitalism_in_decay"
1.15313923313084,5,"catalanindependence"
-1.80377164685566,28,"catsaysmao"
0.962049936648377,247,"cbts_stream"
0.351612243514923,37,"ccj2"
1.11825074140839,100,"ccw"
0.77454129450362,18,"celouts"
0.768822887848433,85,"censoredtv"
0.331578422567874,136,"censorship"
-0.527649693513225,141,"centerleftpolitics"
-0.00321182218887618,438,"centrist"
-0.895845600416255,12,"champagnesharks"
-0.651314266320177,3699,"chapotraphouse"
-0.787410619247496,334,"chapotraphouse2"
-0.915806717486168,21,"chapotraphouse2_2_2"
0.199932414579954,18,"charlottesville"
0.317286407874972,12,"checkyourjohnson"
0.181302042583164,32,"chinareddits"
-1.06876425782501,834,"chomsky"
0.266941778397523,104,"choosingbeggars"
0.51108658478076,34,"chrisraygun"
0.448894776591062,224,"classical_liberals"
-0.547524069728226,277,"climate"
-0.690731899478271,134,"climateactionplan"
-0.742384146333003,15,"climatememes"
-0.758188993284146,179,"climateoffensive"
0.588716723844919,204,"climateskeptics"
1.17129930203844,3963,"coincidencetheorist"
-0.16567228286027,5,"colbertrally"
-0.0785450273608159,8,"colbertreport"
-0.280790781144745,876,"collapse"
1.24863272974272,219,"collegerepublicans"
-0.0636471444042241,23,"coloradosprings"
-0.127647247909799,19,"commercialcuts"
-0.893793539215522,849,"communism"
-1.22274786274154,136,"communism_2"
-1.12478179542655,397,"communismworldwide"
-0.782402914524781,1226,"completeanarchy"
-0.502538518350708,5,"conflictnews"
-0.029853515844819,5,"conflictofinterest"
0.711295161550841,7568,"conservative"
0.891932683201936,19,"conservativeatheists"
0.87387968719164,20,"conservativecartoons"
1.26634895232843,201,"conservativelifestyle"
0.840521805710422,20,"conservativelounge"
0.94655340008124,2030,"conservatives"
1.17576441365377,577,"conservatives_r_us"
1.0491491109307,1137,"conservativesonly"
0.869455191639436,675,"conspiracies"
0.456592387075118,9590,"conspiracy"
0.668496795969314,1672,"conspiracy_commons"
0.872687728813108,506,"conspiracydocumentary"
0.343964919143831,381,"conspiracyfacts"
0.692264747372073,1512,"conspiracytheories"
0.806616265226836,827,"conspiracyundone"
-1.04223871451406,361,"contrapoints"
0.468469525672248,33,"coomer"
-0.515456890625935,29,"copsbeingbastards"
-0.280786886076521,12,"corecyberpunk"
-0.183075016178218,22,"cornbreadliberals"
0.186543239537652,25,"corporatefacepalm"
1.3283127548592,69,"counteveryvote"
-1.37944105410762,95,"cpusa"
0.0983656633745209,82,"craftofintelligence"
0.505851683105762,350,"cumtown"
0.0844064825286017,12,"dailylivethread"
0.402232782429908,6,"danish"
-0.243715037056074,143,"darkfuturology"
0.351045584058691,16,"dave_rubin"
-0.715449644688854,663,"daverubin"
0.876083602496376,8,"debatefascism"
0.926007158027687,42,"deepstate"
0.679258329859562,8,"definitelynotboogaloo"
0.0114993315859742,605,"defranco"
-0.609721818758963,177,"democracy"
-1.06766041442645,1264,"democraticparty"
-1.02914168924073,1569,"democraticsocialism"
-1.1196462522668,35,"democraticsocialists"
-0.390414769098003,2213,"democrats"
-0.73933570878286,152,"democrats2020"
-0.940476123840926,17,"democratsunbiased"
-0.908115982451941,285,"demsocialist"
-1.28199117159451,601,"demsocialists"
-0.556270207716817,16,"denverprotests"
-0.569929126614216,1732,"destiny"
-0.478379465070987,168,"dieoff"
-0.387352610669451,150,"digital_manipulation"
0.82797803220265,27,"disclosureofevil"
0.204010621246817,184,"dncleaks"
0.700275700069817,329,"donald_trump"
0.778272731915086,1628,"donaldtrump"
-0.24999352560289,163,"donaldtrumpsucks"
-1.01364873262011,11,"dontdebatealtright"
0.189724380748794,51,"dontwalkrun_youtube"
1.0564473914189,976,"draintheswamp"
-0.116794001653916,107,"drumpf"
-1.51167274811063,6585,"dsa"
-1.06293860451745,73,"earthstrike"
-0.0835755500241187,83,"easternsunrising"
-0.00723968208999965,705,"economics"
-0.0930257577216938,958,"economy"
0.939187025803533,139,"edefreiheit"
0.700559146272578,16,"edgyedits"
1.23946345212703,197,"educatingliberals"
-0.865882153457078,117,"elizabethwarren"
-0.00663414058794797,23,"elpaso"
0.463442680337016,24,"elsagate"
-0.300730420544237,466,"endlesswar"
-0.414197523768663,253,"energy"
-0.605241363609462,241,"enlightenedcentrism"
-0.386179963126606,415,"enough_sanders_spam"
-1.5316914746075,28,"enough_vaush_spam"
0.848495098006919,37,"enoughantifaspam"
-0.371157893809199,122,"enoughcommiespam"
0.338648316464565,16,"enoughhillhate"
-0.976102080839062,233,"enoughidwspam"
-0.167687862698986,251,"enoughlibertarianspam"
0.716474639075782,49,"enoughpaulspam"
-0.476127875470043,352,"enoughpetersonspam"
-0.864487063958642,19,"enoughsamharris"
-0.878768927269648,209,"enoughsandersspam"
-0.0712729261759135,1949,"enoughtrumpspam"
0.437109578161579,188,"epstein"
-0.163559542823542,20,"ericweinstein"
-0.47889662184513,992,"esist"
-0.0278241538373388,92,"espionage"
1.07847809621225,150,"european"
1.46733246352566,148,"europeannationalism"
1.32464150706781,74,"europeanpeoples"
0.926062944994361,54,"exposingleftism"
-0.92439181631337,128,"extinctionrebellion"
0.297253500950619,125,"fakenews"
-1.51750008632091,331,"fakeprogressives"
-1.01123443452002,51,"feelthebern"
0.328766073280795,494,"feminism"
0.357550293608579,126,"feminisms"
0.8561048750703,124,"feminist_videos"
0.355651225219793,139,"fiftyfifty"
1.0073614633251,11,"fight_against_islam"
0.185591003317814,303,"finance"
0.0810973367036574,40,"findapath"
1.21500117802933,592,"firearms"
0.315097340159649,37,"firstamendment"
1.38615523320377,33,"forgottenaustralia"
0.696345238728975,27,"forwardsfromreddit"
-0.837534825715629,34,"foxbrain"
-0.870791759612286,166,"foxfiction"
-0.681457489859907,126,"foxhidesinfo"
0.0556872117003191,103,"fragilecommunism"
0.208571197956379,16,"fragilejewishredditor"
0.00830899007081364,343,"france"
0.246732589034165,7,"freedrama"
-0.0793986648918554,279,"freepoldiscussion"
0.569692947370202,496,"freespeech"
0.96634866364227,46,"freespeechworld"
0.879735952140676,686,"freeworldnews"
-1.04599793613674,16,"friendsofthepod"
-0.307371351699018,91,"frugal"
0.046611823480403,5,"fuckhkpopo"
-0.774125616683712,2205,"fuckthealtright"
0.60986623536597,47,"full_news"
-0.691145089508269,524,"fullcommunism"
-0.503007274411627,9,"futuristparty"
0.49608307660854,132,"garyjohnson"
0.844209248449783,182,"gavinmcinnes"
-0.352428222236318,9,"gaymemes"
0.480860127901536,10,"gc_woc"
1.21034493009532,53,"gender_critical"
0.885019906622008,270,"gendercritical"
0.995494377282912,21,"gendercriticalguys"
1.30970921664258,14,"gendercritlesbians"
1.26792405906903,6,"gendercynicalcritical"
-1.23936699012037,554,"genzedong"
-1.56057288883637,247,"genzommunist"
-0.0269575684460802,298,"geopolitics"
0.3289558953733,13,"ggfreeforall"
-0.208695899358434,6,"giraffesdontexist"
-0.501903635980836,67,"globalwarming"
0.45911395252727,10,"godlesswomen"
0.476382780490399,1115,"goldandblack"
0.286362820279939,187,"governmentoppression"
-1.40942100948283,7,"grassrootsselect"
-1.20126154890991,47,"gravelforpresident"
0.861442179405144,878,"greatawakening"
-0.966837537970916,374,"greenparty"
-0.102164230796381,15,"grilledcheese"
0.168124461568796,11,"guelph"
1.10303040136294,521,"gunpolitics"
1.19862487451961,299,"guns"
-1.21161068153767,26,"handsoffvenezuela"
0.108860840383959,125,"hapas"
0.152658691814722,8,"harvard"
-1.22780098407087,1923,"hasan_piker"
0.0151330200699101,844,"hillaryclinton"
0.100175364052435,65,"hillaryforamerica"
0.831844963558065,1529,"hillaryforprison"
1.28988668088131,474,"hillarymeltdown"
1.04687232734117,9,"holocaust"
0.193920061682186,254,"holup"
0.823241321327131,50,"hottiesfortrump"
-1.5234628943079,83,"howie2020"
-0.183638649888575,164,"humanrights"
0.257693020050882,533,"iamatotalpieceofshit"
1.40545656249255,56,"identitarians"
0.854705811995063,336,"imgoingtohellforthis"
0.767213328321832,7,"imgoingtohellforthis2"
-0.303519357958611,729,"impeach_trump"
0.857494713687253,46,"incels"
0.559192174718165,155,"inceltears"
-1.14167914449124,7,"inconvenientfacts"
-1.59788933015088,292,"informedtankie"
0.023597904455902,681,"intellectualdarkweb"
0.286759999858239,111,"intelligence"
-1.69536048064707,278,"internationalleft"
0.764141505387435,23,"internationalnews"
0.340987725576712,232,"inthemorning"
0.193792467572346,631,"inthenews"
-0.871356786915373,178,"ironfrontusa"
-0.0870338048619862,137,"israelexposed"
-0.72771571896071,12,"isthemicstillon"
-1.33498992074229,212,"iww"
0.276825311688447,25,"jacksucksatlife"
0.385613428165904,32,"japancirclejerk"
0.317475421197595,28,"jbpnewvideos"
-0.608839929805317,403,"jillstein"
-1.14797007202002,1034,"jimmydore"
-0.482715508639049,1415,"joebiden"
0.678652311584686,76,"joebidensucks"
0.709846776534146,44,"johannesburg"
0.417959055052915,2032,"jordanpeterson"
-0.370961049865293,154,"journalism"
0.363539211622158,86,"jung"
-1.15533421634125,227,"justicedemocrats"
0.572027123713373,266,"justneckbeardthings"
1.02630813724622,48,"kekistan"
0.123266579587933,14,"kitchener"
-0.0507102886544568,33,"knowledgefight"
0.732464280894644,103,"knownedge"
-1.21918655597024,1358,"kossacks_for_sanders"
0.839826038087392,873,"kotakuinaction"
0.82894175448782,530,"kotakuinaction2"
-1.41562578875597,21,"kraut"
-1.0745837561021,126,"labor"
-0.822619715292698,250,"labouruk"
-0.129401124658135,139,"lastweektonight"
-0.0467284813319614,19,"latenighttalkshows"
-0.361150463941597,61,"lateshow"
-0.78936267409355,2611,"latestagecapitalism"
-1.20987495567898,96,"latestagecolonialism"
0.41367738370973,11,"latestagecommunism"
-0.981029042130332,29,"latestagegenderbinary"
-1.28318345108847,437,"latestageimperialism"
1.47229594299385,60,"le_pen"
-0.301571717415472,186,"lectures"
-0.86545119834953,28,"leftcommunism"
-1.2590014093225,440,"leftist"
-1.59922182956749,31,"leftistdiscussions"
-0.960243993911981,64,"leftistveterans"
-1.30207930705746,709,"lefttube"
-1.27402586170532,1098,"leftwithoutedge"
-0.447143732568598,15,"legaleagle"
0.820826039589346,35,"lgbdropthet"
-0.181836752069394,892,"liberal"
0.786096206648412,332,"liberalgunowners"
0.314216045814965,101,"liberalist"
1.11880376158975,145,"liberalstupidity"
-0.534515894229483,64,"liberalsvsnazis"
0.512295691804153,4809,"libertarian"
0.526838869010714,14,"libertarianeurope"
0.351762595261465,285,"libertarianmeme"
0.988228360583044,110,"libertarians"
0.483617137668165,78,"liberty"
1.29153768527431,101,"libtard"
-0.980931812116312,734,"lincolnproject"
1.18122969369703,5,"loganlynn"
-0.883469005356481,800,"lostgeneration"
0.929634184129326,2315,"louderwithcrowder"
1.05640422103943,499,"maga_magazine"
1.23759326695781,71,"maga_trump"
0.0432071619776953,57,"maine"
-0.979008272156837,572,"marchagainstnazis"
-0.284364247710215,658,"marchagainsttrump"
-1.29592014412353,31,"marianne2020"
0.176852919867004,36,"marketanarchism"
-1.19638658163458,214,"marxism"
-0.711389463530805,15,"massachusettspolitics"
0.361058656976702,12,"mcmaster"
-1.39775536898701,153,"meanstv"
-0.0211449666282457,349,"media_criticism"
-1.2683808904908,58,"medicareforall"
0.830799832167262,1110,"mensrights"
0.226529204293228,8,"mercerinfo"
1.05744982703955,1581,"metacanada"
0.422462650694681,6,"mildlydisgusting"
-1.11263753639506,58,"militant"
0.504581283587991,70,"minarchy"
0.0127429747848211,46,"missouri"
-0.125159217421284,14,"mit"
0.0680944393045591,17,"mixedrace"
0.656401753059049,8,"mizzou"
-0.0753647402146895,284,"moderatepolitics"
0.584547515892713,1452,"moderationlog"
0.357535245729783,10,"monkeys"
-0.96928448774183,304,"moretankiechapo"
0.0329158617086391,30,"mormonpolitics"
1.01846448392908,158,"mr_trump"
1.22652131249188,36,"multiculturalcancer"
-0.523218285566051,11,"murderedbyaoc"
-0.0200027930520394,391,"murderedbywords"
-1.06897341096951,30,"mutualism"
0.860935401770348,53,"naaga"
1.28876790911777,51,"nationalsocialism"
1.20299158261713,128,"nazi"
0.519054374527405,6,"ncguns"
0.611499162129346,18,"neckbeard"
0.150428565409683,84,"neoconnwo"
-0.394600753785909,1389,"neoliberal"
0.106614800961338,67,"neutralnews"
-0.320264456546621,344,"nevertrump"
1.2876602428344,419,"new_right"
-0.709391554553138,121,"newpatriotism"
0.269070648070456,4137,"news"
0.47494479602508,32,"newworldorder"
-0.227596030853924,169,"newyorkcity"
-1.26715687657093,15,"newyorkforsanders"
0.703837642090448,48,"nicegirls"
0.606294096153221,222,"niceguys"
1.37562202359769,6,"nicesubstupid"
-0.0490784027315374,68,"northkorea"
1.14080005175348,36,"nowttyg"
1.04917608482523,57,"nra"
1.41136740571815,21,"nyguns"
1.24429605231936,13,"oandaexclusiveforum"
0.138467119698755,138,"obama"
-0.269535137412751,10,"obamacare"
0.455616562292404,269,"objectivism"
-0.250086213169562,36,"occupy"
-0.535678425996725,616,"occupywallstreet"
1.03316190859964,83,"offensivespeech"
-0.0875788831956356,15,"officehourslive"
-1.17443968069196,10,"ohioforsanders"
-0.103452649478503,12,"okmarijuana"
1.60523446274169,7,"onacpm"
1.74355327347825,8,"onaxyz"
1.1265612296975,31,"open_news"
0.669893131524511,12,"opencarry"
0.494540703793045,7,"operationgrabass"
1.65201860357869,7,"opie_anthony"
0.781430740837744,436,"opieandanthony"
1.1778889869317,42,"opieandanthonyxyz"
1.14386608147707,37,"opienanthony"
0.898483147077712,13,"opieradio"
1.18826641762681,694,"our_politics"
-1.28022834995228,1019,"ourpresident"
-0.38099594511998,107,"overpopulation"
-0.273152525289719,242,"palestine"
0.911685339893857,198,"paul"
0.869844043322343,345,"pedogate"
0.172597457108698,101,"peoplespartyofcanada"
-1.32265797719594,130,"peoplespartyusa"
-0.882358487004932,166,"pete_buttigieg"
-0.177449567443418,575,"philosophy"
-1.21630291013202,120,"philosophytube"
1.01703310358718,134,"physical_removal"
-0.0324221765956421,111,"pinac"
-0.208940624455155,10,"plato"
-1.76310279932968,45,"pleasecallmeredscarf"
0.367653028170393,9,"pogobat"
1.22293671017295,72,"pol"
-0.436384962670346,161,"policebrutality"
0.750867688489011,9497,"politic"
-1.29144629784624,4134,"political_revolution"
-1.0560393738094,255,"politicalcoverage"
-0.00224318389926777,3545,"politicalhumor"
-0.24192994021964,60,"politicalhumour"
-0.521243597362788,14208,"politicalvideo"
-1.14111569010965,21327,"politicalvideos"
0.0733508123843231,10911,"politics"
0.647110289175043,1373,"politicsall"
-0.0398774225187216,35,"politicsdebate"
1.40214944115606,9,"polymer80"
0.650390850373561,118,"potuswatch"
0.447565084845875,30,"prageruniversity"
-0.489976578185652,329,"presidentialracememes"
-1.13640608307615,45,"presidentwarren"
0.28642768822546,43,"prochoice"
-0.540392829255542,767,"progressive"
-1.25907360499048,113,"progressiveactivists"
-1.15405505602014,279,"progressivevoice"
1.16576550157856,639,"progun"
0.856714374454047,6,"projectveritas"
0.805677642123142,121,"prolife"
-0.258841723044458,258,"propaganda"
0.802181802813351,74,"propertarian"
0.284338585105591,24,"qanoncasualties"
0.671211612243728,78,"quitefrankly"
0.838251162541258,9,"r3volution"
1.42304873007917,8,"radiojocktober"
0.0313678199813322,13,"rance"
0.890871893698188,261,"randpaul"
0.273394883980065,11,"rapmorelikecrap"
-1.25727416722285,54,"realbluemidterm"
-1.47034221621115,83,"realprogressives"
-0.0287945860926561,28,"realworldpolitics"
-1.72674229545574,32,"red_irl"
1.13476939152405,813,"redacted"
0.707857138412212,6,"redditarmie"
-0.436410909698962,15,"redneckrevolt"
-0.220004840704841,374,"redscarepod"
0.798392244045981,2557,"republican"
1.06319220649131,21,"republicanmemes"
1.10152748178402,1106,"republicans"
0.136579030048272,61,"restorethefourth"
1.1455105072825,336,"rightcast"
0.938099778336802,583,"rightwinglgbt"
0.757064832889482,401,"ronpaul"
1.00298612900808,11,"roofkoreans"
-0.0882238121980305,7,"rpipdi"
-0.519755656656151,254,"russialago"
0.29615370488645,11,"ryerson"
-0.274921916890634,751,"samharris"
-1.03659842148552,3976,"sandersforpresident"
-0.479714462991551,45,"sandersmedia"
-0.197152485887194,5,"santamonica"
0.906953381047841,1465,"sargonofakkad"
0.817629173345674,28,"satanicritualabuse"
1.08227811312147,46,"secondamendment"
-1.1374379211312,1167,"seculartalk"
-0.199932989308837,161,"selfawarewolves"
-1.60342594841438,231,"sendinthetanks"
-1.3209708235219,164,"shaunandjen"
-1.38134207530952,18,"shitleftoidssay"
-0.221224600587685,446,"shitliberalssay"
0.0481348317647113,25,"shitrconservativesays"
0.00395039931025631,247,"shitstatistssay"
-0.494285512527015,65,"shoe0nhead"
1.04647365945601,8,"shootingtalk"
0.784216959773698,42,"short"
0.683944635766154,85,"shortcels"
-0.601093437454392,13,"sigmarxism"
-0.707834771602591,554,"sino"
1.29876500540081,116,"sjw_hate"
1.20653061705787,683,"sjwhate"
0.671683339162133,8,"smugressives"
0.226148195020623,101,"snowden"
-1.01870412922896,238,"socialdemocracy"
-0.917906012958659,2713,"socialism"
-0.973209512381876,48,"socialistart"
-0.506766465356418,258,"socialistra"
0.855379433762289,774,"socialjusticeinaction"
1.28045531480842,64,"sorosforprison"
0.409680299594608,249,"southafrica"
-0.329722340489693,6,"southasianmasculinity"
-0.714953438884425,13,"southcarolinapolitics"
0.0898437194788488,25,"soyboys"
0.02886851001658,11,"springfieldmo"
0.438418272456865,12,"srsbusiness"
0.34353874872761,13,"ss13"
1.0597570793823,284,"stevencrowder"
-0.612051069321472,132,"stillsandersforpres"
0.202937666547661,58,"stlouis"
0.776037891377645,108,"stopbeingevil"
-0.692201485124556,22,"studentloandefaulters"
0.829337341402802,13,"subredditcancer"
-1.06926171540425,113,"sunrisemovement"
-1.2768303760208,54,"syndiesunited"
1.06662774128193,9,"tacn"
-0.171169394935271,57,"talkshows"
-1.80269738152393,13,"tankiecirclejerk"
-1.26983697996243,59,"tankiejerk"
0.956106274000118,250,"td_uncensored"
0.270823226975829,200,"ted"
0.605204231002469,31,"tedcruz"
0.994667244552628,161,"the_chocker"
1.14291065847989,190,"the_congress"
0.79785499277786,16402,"the_donald"
1.26968269965166,405,"the_donald_ca"
0.954136510052068,264,"the_donald_discuss"
1.21284610627686,259,"the_donaldunleashed"
-0.537367398510081,61,"the_dotard"
1.41178636268194,667,"the_europe"
1.37629574081903,641,"the_farage"
1.51608626699841,31,"the_frauke"
-0.722505136269596,11,"the_impeachment"
0.54208503881367,49,"the_meltdown"
1.40652764801437,50,"the_milo"
-0.924016243995322,1663,"the_mueller"
0.778001629995746,9,"the_sac"
1.64973054582769,31,"the_wilders"
-1.44610714420622,41,"thebakery"
1.09046621760593,152,"thebidenshitshow"
0.297849009663483,127,"thebluepill"
1.09777813793244,18,"thecalmbeforethestorm"
1.57720099104474,5,"thecellartable"
-0.920081205091464,1862,"thedavidpakmanshow"
0.997966610215821,495,"thedonald"
-1.16151748977324,1198,"themajorityreport"
1.23936786146423,3914,"thenewright"
0.014649553980625,76,"theportal"
1.16002741364747,14,"thereareonly2genders"
0.642922845064947,21,"therecordcorrected"
0.870394193988847,87,"theredpill"
0.154223288016963,150,"therightcantmeme"
0.916318087789714,32,"thetruthtellers"
-0.394219155668805,18,"thevenusproject"
0.0833366726793739,15,"thewestwing"
-0.810132861902349,89,"theyoungturks"
-1.36475623965544,135,"threearrows"
0.783256128136829,1026,"timpool"
0.755605699614732,20,"tolerantleft"
0.712256968137414,60,"toosoon"
0.919722281621634,224,"topconspiracy"
0.247463721447642,286,"topmindsofreddit"
0.366575707208323,77,"topofreddit"
0.559496853177138,79,"tories"
-1.28017826376892,8,"tranarchism"
-0.14716145152437,77,"trueanon"
1.20205585382135,11,"truelesbians"
0.593668537407007,30,"truenews"
0.138631058858701,203,"truereddit"
0.348938063665458,36,"trufemcels"
0.698331790122877,2564,"trump"
0.0157517737778163,50,"trump2020"
1.16575402746391,310,"trump_train"
0.602867721431496,22,"trump_watch"
0.0279969994384482,263,"trumpcriticizestrump"
0.20984737820705,23,"trumpforprison"
-0.124964009108856,775,"trumpgret"
-0.323064265813327,28,"trumpgrets"
0.819381458523547,11,"trumppa"
-0.642708971646852,50,"trumproasts"
-0.487179503826027,769,"trumpvirus"
1.03118575867062,1312,"truthleaks"
1.03238424382639,1490,"tucker_carlson"
0.216864230579682,93,"tuesday"
-1.33782325590112,533,"tulsi"
-1.29397522937533,66,"tulsi2020"
-1.51556992577643,8659,"tytnetwork"
-1.43468691757348,2516,"tytonreddit"
0.521287165483555,85,"tytsucks"
-1.52351982150378,27,"u_bayarea415"
1.37022662038616,191,"ukipparty"
-1.17506127144421,10,"uklab"
0.810572396552081,37,"unagenda21"
0.795349494286754,46,"unbiasedcanada"
0.808999348392023,225,"uncensorednews"
0.95136712115544,39,"uncensorednewsplus"
0.934964993386321,26,"unexpectedjihad"
0.408899309184441,35,"unitedwestand"
0.121312955550621,9,"uofmn"
0.413778156201877,53,"uoft"
0.356246813052301,161,"usnews"
-0.0681029828921918,699,"uspolitics"
0.301724247347379,67,"uwaterloo"
1.15712535839154,63,"vaguns"
-1.15046359137983,1943,"vaushv"
-1.03710718052925,23,"vaushvidya"
0.0190903407876616,59,"venezuela"
-1.25139542194144,39,"victimsofcapitalism"
-0.505799583241366,10,"videoart"
0.531036075966136,51,"voluntarism"
0.528971819141832,25,"voluntaryism"
-0.0788208679539185,12,"voterfraud"
0.0836074938392915,120,"vzla"
1.08092640082172,20,"wa_guns"
1.04079245117898,1111,"walkaway"
-0.874197436526435,7,"warren_forpresident"
0.55580094108466,61,"watchredditdie"
0.288685590943025,20,"waterloo"
-1.35818119219527,161,"wayofthealoha"
-1.28789218410376,9637,"wayofthebern"
-1.12986591592753,471,"wearenotasking"
0.00342478612155147,109,"weed"
1.05782080701833,269,"weekendgunnit"
-0.054222974478677,6,"wewuzsuperior"
-1.29872147216064,63,"wherearethechildren"
0.176338100063914,35,"whereisassange"
1.57247112948075,15,"white_pride"
1.88141791438327,85,"whitenationalism"
1.42089794344311,317,"whiterights"
0.242857357768395,594,"wikileaks"
0.035003681291591,15,"wine"
0.371078664116229,9,"wlu"
-0.0397881610557215,42,"wokekids"
0.259993703741852,136,"women"
1.23730284103127,607,"womenfortrump"
0.168555630862555,231,"worldevents"
0.232916348307308,3541,"worldnews"
-0.0278514169694799,81,"worldpoliticalhumour"
0.167856544178851,3784,"worldpolitics"
-1.59808068348206,189,"xanderhal"
-1.21399993923919,95,"yangforpresident"
-0.887821572135243,1088,"yangforpresidenthq"
-1.02803813563204,229,"yanggang"
-1.0430607976205,24,"yangmemes"
0.424019383273528,28,"youseecomrade"
0.303099813449225,5,"youtubewakeup"
